ad_id,ad_text,start_date,end_date,target_category,campaign_type,employee_id,create_date,modify_date
A00000,智能生活，從此開始！,2025-07-23,2025-07-28,全品類,曝光型,EMP0000,2025-07-05,
A00001,家居好物，溫馨滿屋！,2025-07-10,2025-07-28,圖書,曝光型,EMP0004,2025-07-03,2025-07-12
A00002,新品上市，限量搶購中！,2025-07-20,2025-07-31,全品類,轉換型,EMP0003,2025-07-22,
A00003,夏日特惠，全場5折起！,2025-07-24,2025-07-27,食品,轉換型,EMP0002,2025-05-26,
A00004,時尚穿搭，輕鬆打造！,2025-07-27,2025-07-28,3C,曝光型,EMP0001,2025-06-22,
A00005,會員專享，積分雙倍送！,2025-07-16,2025-07-20,圖書,品牌型,EMP0001,2025-06-23,2025-07-22
A00006,夏日特惠，全場5折起！,2025-07-30,2025-07-31,全品類,品牌型,EMP0000,2025-06-09,
A00007,智能生活，從此開始！,2025-07-25,2025-07-28,3C,曝光型,EMP0001,2025-06-26,
A00008,會員專享，積分雙倍送！,2025-07-13,2025-07-15,服飾,轉換型,EMP0001,2025-05-05,
A00009,夏日特惠，全場5折起！,2025-07-10,2025-07-14,全品類,品牌型,EMP0001,2025-06-25,
A00010,會員專享，積分雙倍送！,2025-07-02,2025-07-03,服飾,品牌型,EMP0001,2025-06-21,
A00011,家居好物，溫馨滿屋！,2025-07-25,2025-07-27,美妝,曝光型,EMP0002,2025-07-08,
A00012,滿額免運，速來選購！,2025-07-18,2025-07-22,3C,品牌型,EMP0004,2025-07-01,
A00013,健康美食，新鮮直達！,2025-07-12,2025-07-24,家居,曝光型,EMP0002,2025-05-11,
A00014,滿額免運，速來選購！,2025-07-08,2025-07-14,服飾,曝光型,EMP0004,2025-04-28,
A00015,會員專享，積分雙倍送！,2025-07-11,2025-07-28,家居,轉換型,EMP0002,2025-07-04,
A00016,會員專享，積分雙倍送！,2025-07-06,2025-07-26,美妝,轉換型,EMP0004,2025-06-09,
A00017,家居好物，溫馨滿屋！,2025-07-18,2025-07-19,家居,曝光型,EMP0004,2025-05-07,
A00018,智能生活，從此開始！,2025-07-20,2025-07-26,服飾,曝光型,EMP0000,2025-06-07,
A00019,夏日特惠，全場5折起！,2025-07-08,2025-07-17,家居,曝光型,EMP0003,2025-07-06,
A00020,會員專享，積分雙倍送！,2025-07-13,2025-07-30,服飾,品牌型,EMP0003,2025-04-29,
A00021,會員專享，積分雙倍送！,2025-07-14,2025-07-16,家居,品牌型,EMP0000,2025-07-04,
A00022,健康美食，新鮮直達！,2025-07-04,2025-07-17,食品,曝光型,EMP0001,2025-04-12,
A00023,夏日特惠，全場5折起！,2025-07-02,2025-07-04,食品,轉換型,EMP0003,2025-06-19,2025-06-28
A00024,智能生活，從此開始！,2025-07-29,2025-07-31,服飾,品牌型,EMP0000,2025-04-20,
A00025,夏日特惠，全場5折起！,2025-07-10,2025-07-19,食品,曝光型,EMP0004,2025-04-15,
A00026,健康美食，新鮮直達！,2025-07-22,2025-07-28,服飾,轉換型,EMP0000,2025-06-22,
A00027,夏日特惠，全場5折起！,2025-07-25,2025-07-26,服飾,品牌型,EMP0003,2025-07-12,
A00028,智能生活，從此開始！,2025-07-23,2025-07-26,食品,曝光型,EMP0004,2025-06-19,2025-07-16
A00029,家居好物，溫馨滿屋！,2025-07-18,2025-07-28,服飾,轉換型,EMP0001,2025-05-12,2025-06-09
A00030,會員專享，積分雙倍送！,2025-07-04,2025-07-11,美妝,轉換型,EMP0003,2025-06-28,
A00031,夏日特惠，全場5折起！,2025-07-16,2025-07-26,美妝,轉換型,EMP0001,2025-06-08,
A00032,智能生活，從此開始！,2025-07-08,2025-07-11,家居,轉換型,EMP0001,2025-04-25,
A00033,智能生活，從此開始！,2025-07-03,2025-07-21,家居,轉換型,EMP0002,2025-05-03,
A00034,新品上市，限量搶購中！,2025-07-29,2025-07-31,全品類,曝光型,EMP0000,2025-04-30,
A00035,時尚穿搭，輕鬆打造！,2025-07-11,2025-07-13,全品類,曝光型,EMP0004,2025-06-02,
A00036,新品上市，限量搶購中！,2025-07-04,2025-07-15,家居,轉換型,EMP0004,2025-05-23,2025-07-06
A00037,閱讀好時光，書香伴你行！,2025-07-11,2025-07-27,食品,轉換型,EMP0003,2025-05-18,
A00038,智能生活，從此開始！,2025-07-15,2025-07-29,服飾,轉換型,EMP0000,2025-06-29,
A00039,家居好物，溫馨滿屋！,2025-07-06,2025-07-08,服飾,品牌型,EMP0004,2025-04-26,
A00040,夏日特惠，全場5折起！,2025-07-02,2025-07-10,3C,曝光型,EMP0002,2025-05-04,
A00041,智能生活，從此開始！,2025-07-23,2025-07-28,3C,曝光型,EMP0002,2025-06-06,
A00042,家居好物，溫馨滿屋！,2025-07-23,2025-07-30,3C,曝光型,EMP0001,2025-05-14,
A00043,時尚穿搭，輕鬆打造！,2025-07-27,2025-07-28,美妝,品牌型,EMP0002,2025-07-07,
A00044,家居好物，溫馨滿屋！,2025-07-05,2025-07-28,美妝,轉換型,EMP0004,2025-05-18,
A00045,家居好物，溫馨滿屋！,2025-07-24,2025-07-27,家居,轉換型,EMP0003,2025-04-12,
A00046,智能生活，從此開始！,2025-07-01,2025-07-05,家居,品牌型,EMP0001,2025-05-25,2025-07-31
A00047,智能生活，從此開始！,2025-07-05,2025-07-21,食品,品牌型,EMP0002,2025-06-02,
A00048,新品上市，限量搶購中！,2025-07-28,2025-07-31,圖書,品牌型,EMP0003,2025-04-30,
A00049,會員專享，積分雙倍送！,2025-07-06,2025-07-17,服飾,品牌型,EMP0000,2025-07-08,
A00050,智能生活，從此開始！,2025-07-09,2025-07-23,圖書,曝光型,EMP0002,2025-04-12,
A00051,新品上市，限量搶購中！,2025-07-03,2025-07-11,家居,轉換型,EMP0004,2025-06-05,
A00052,美妝護膚，煥發光彩！,2025-07-03,2025-07-05,服飾,曝光型,EMP0002,2025-06-01,
A00053,滿額免運，速來選購！,2025-07-27,2025-07-31,圖書,品牌型,EMP0000,2025-06-01,
A00054,健康美食，新鮮直達！,2025-07-09,2025-07-18,美妝,曝光型,EMP0004,2025-05-22,
A00055,新品上市，限量搶購中！,2025-07-02,2025-07-24,3C,曝光型,EMP0002,2025-05-15,
A00056,家居好物，溫馨滿屋！,2025-07-01,2025-07-23,美妝,曝光型,EMP0004,2025-07-09,
A00057,會員專享，積分雙倍送！,2025-07-08,2025-07-25,圖書,品牌型,EMP0002,2025-06-29,
A00058,智能生活，從此開始！,2025-07-07,2025-07-23,美妝,轉換型,EMP0001,2025-04-19,
A00059,家居好物，溫馨滿屋！,2025-07-02,2025-07-11,圖書,品牌型,EMP0001,2025-07-09,
A00060,家居好物，溫馨滿屋！,2025-07-03,2025-07-31,圖書,品牌型,EMP0002,2025-07-07,2025-07-11
A00061,智能生活，從此開始！,2025-07-01,2025-07-20,全品類,曝光型,EMP0002,2025-06-05,
A00062,智能生活，從此開始！,2025-07-01,2025-07-21,全品類,轉換型,EMP0000,2025-05-02,
A00063,家居好物，溫馨滿屋！,2025-07-16,2025-07-24,服飾,轉換型,EMP0001,2025-04-29,
A00064,時尚穿搭，輕鬆打造！,2025-07-04,2025-07-19,服飾,轉換型,EMP0001,2025-06-14,
A00065,滿額免運，速來選購！,2025-07-26,2025-07-27,食品,曝光型,EMP0000,2025-04-21,
A00066,家居好物，溫馨滿屋！,2025-07-05,2025-07-06,家居,轉換型,EMP0003,2025-06-23,
A00067,滿額免運，速來選購！,2025-07-21,2025-07-25,美妝,品牌型,EMP0000,2025-07-25,
A00068,時尚穿搭，輕鬆打造！,2025-07-27,2025-07-31,家居,曝光型,EMP0001,2025-07-07,
A00069,新品上市，限量搶購中！,2025-07-03,2025-07-11,全品類,品牌型,EMP0001,2025-04-11,
A00070,健康美食，新鮮直達！,2025-07-22,2025-07-26,食品,品牌型,EMP0000,2025-06-12,
A00071,家居好物，溫馨滿屋！,2025-07-05,2025-07-30,服飾,品牌型,EMP0001,2025-06-23,
A00072,新品上市，限量搶購中！,2025-07-13,2025-07-20,3C,曝光型,EMP0002,2025-06-06,
A00073,滿額免運，速來選購！,2025-07-27,2025-07-30,食品,品牌型,EMP0004,2025-07-12,
A00074,滿額免運，速來選購！,2025-07-24,2025-07-31,家居,曝光型,EMP0003,2025-04-25,
A00075,滿額免運，速來選購！,2025-07-04,2025-07-05,食品,品牌型,EMP0000,2025-05-13,
A00076,會員專享，積分雙倍送！,2025-07-03,2025-07-10,食品,品牌型,EMP0000,2025-05-06,
A00077,美妝護膚，煥發光彩！,2025-07-04,2025-07-22,服飾,轉換型,EMP0004,2025-05-06,
A00078,健康美食，新鮮直達！,2025-07-30,2025-07-31,美妝,曝光型,EMP0003,2025-06-27,
A00079,閱讀好時光，書香伴你行！,2025-07-13,2025-07-29,3C,轉換型,EMP0004,2025-04-30,
A00080,健康美食，新鮮直達！,2025-07-26,2025-07-27,全品類,品牌型,EMP0004,2025-05-08,
A00081,美妝護膚，煥發光彩！,2025-07-16,2025-07-30,美妝,品牌型,EMP0002,2025-07-04,
A00082,新品上市，限量搶購中！,2025-07-09,2025-07-28,全品類,品牌型,EMP0000,2025-06-13,
A00083,家居好物，溫馨滿屋！,2025-07-02,2025-07-07,服飾,品牌型,EMP0004,2025-06-30,2025-07-21
A00084,夏日特惠，全場5折起！,2025-07-11,2025-07-28,全品類,品牌型,EMP0001,2025-06-11,
A00085,美妝護膚，煥發光彩！,2025-07-04,2025-07-28,全品類,品牌型,EMP0004,2025-05-02,
A00086,閱讀好時光，書香伴你行！,2025-07-05,2025-07-14,全品類,品牌型,EMP0000,2025-04-18,
A00087,滿額免運，速來選購！,2025-07-20,2025-07-22,美妝,品牌型,EMP0000,2025-05-24,2025-06-25
A00088,美妝護膚，煥發光彩！,2025-07-29,2025-07-30,家居,曝光型,EMP0002,2025-06-23,
A00089,時尚穿搭，輕鬆打造！,2025-07-09,2025-07-22,服飾,轉換型,EMP0001,2025-06-11,2025-07-01
A00090,新品上市，限量搶購中！,2025-07-08,2025-07-10,圖書,轉換型,EMP0000,2025-04-20,
A00091,健康美食，新鮮直達！,2025-07-02,2025-07-29,圖書,轉換型,EMP0000,2025-05-19,
A00092,新品上市，限量搶購中！,2025-07-21,2025-07-31,家居,轉換型,EMP0002,2025-06-09,
A00093,智能生活，從此開始！,2025-07-30,2025-07-31,食品,曝光型,EMP0003,2025-05-01,
A00094,閱讀好時光，書香伴你行！,2025-07-01,2025-07-11,3C,曝光型,EMP0000,2025-07-21,
A00095,滿額免運，速來選購！,2025-07-20,2025-07-24,美妝,品牌型,EMP0004,2025-05-15,
A00096,美妝護膚，煥發光彩！,2025-07-06,2025-07-27,全品類,轉換型,EMP0001,2025-06-11,
A00097,會員專享，積分雙倍送！,2025-07-18,2025-07-21,全品類,品牌型,EMP0002,2025-06-29,
A00098,夏日特惠，全場5折起！,2025-07-16,2025-07-22,美妝,曝光型,EMP0004,2025-07-16,
A00099,會員專享，積分雙倍送！,2025-07-09,2025-07-20,食品,曝光型,EMP0000,2025-04-05,
A00100,健康美食，新鮮直達！,2025-07-21,2025-07-22,食品,品牌型,EMP0001,2025-05-28,
A00101,閱讀好時光，書香伴你行！,2025-07-14,2025-07-28,服飾,轉換型,EMP0002,2025-06-19,
A00102,滿額免運，速來選購！,2025-07-18,2025-07-27,美妝,曝光型,EMP0003,2025-06-05,
A00103,時尚穿搭，輕鬆打造！,2025-07-24,2025-07-28,美妝,轉換型,EMP0004,2025-04-11,
A00104,智能生活，從此開始！,2025-07-29,2025-07-30,家居,轉換型,EMP0003,2025-07-14,
A00105,閱讀好時光，書香伴你行！,2025-07-30,2025-07-31,食品,品牌型,EMP0000,2025-06-23,
A00106,健康美食，新鮮直達！,2025-07-30,2025-07-31,圖書,品牌型,EMP0003,2025-06-20,
A00107,健康美食，新鮮直達！,2025-07-05,2025-07-23,美妝,品牌型,EMP0002,2025-07-22,
A00108,會員專享，積分雙倍送！,2025-07-03,2025-07-18,服飾,品牌型,EMP0003,2025-05-31,
A00109,家居好物，溫馨滿屋！,2025-07-17,2025-07-25,服飾,轉換型,EMP0004,2025-06-28,
A00110,滿額免運，速來選購！,2025-07-04,2025-07-15,圖書,轉換型,EMP0003,2025-06-09,
A00111,滿額免運，速來選購！,2025-07-21,2025-07-28,家居,品牌型,EMP0003,2025-06-11,
A00112,夏日特惠，全場5折起！,2025-07-03,2025-07-16,美妝,品牌型,EMP0001,2025-07-18,
A00113,新品上市，限量搶購中！,2025-07-07,2025-07-17,3C,品牌型,EMP0002,2025-05-06,
A00114,閱讀好時光，書香伴你行！,2025-07-28,2025-07-30,食品,轉換型,EMP0003,2025-06-01,
A00115,家居好物，溫馨滿屋！,2025-07-04,2025-07-14,圖書,曝光型,EMP0003,2025-05-02,2025-05-16
A00116,滿額免運，速來選購！,2025-07-17,2025-07-22,美妝,品牌型,EMP0002,2025-06-25,
A00117,閱讀好時光，書香伴你行！,2025-07-01,2025-07-13,3C,曝光型,EMP0002,2025-06-09,
A00118,美妝護膚，煥發光彩！,2025-07-07,2025-07-15,全品類,品牌型,EMP0003,2025-05-22,
A00119,會員專享，積分雙倍送！,2025-07-04,2025-07-21,圖書,品牌型,EMP0000,2025-05-22,
A00120,新品上市，限量搶購中！,2025-07-24,2025-07-29,服飾,品牌型,EMP0000,2025-04-07,
A00121,時尚穿搭，輕鬆打造！,2025-07-10,2025-07-20,服飾,曝光型,EMP0002,2025-05-01,
A00122,智能生活，從此開始！,2025-07-04,2025-07-30,圖書,品牌型,EMP0004,2025-05-15,
A00123,會員專享，積分雙倍送！,2025-07-18,2025-07-24,圖書,轉換型,EMP0002,2025-05-29,
A00124,會員專享，積分雙倍送！,2025-07-30,2025-07-31,美妝,轉換型,EMP0002,2025-05-18,
A00125,新品上市，限量搶購中！,2025-07-27,2025-07-28,全品類,品牌型,EMP0003,2025-06-01,2025-06-12
A00126,家居好物，溫馨滿屋！,2025-07-05,2025-07-31,美妝,品牌型,EMP0001,2025-05-05,
A00127,閱讀好時光，書香伴你行！,2025-07-25,2025-07-26,食品,曝光型,EMP0002,2025-06-07,
A00128,智能生活，從此開始！,2025-07-24,2025-07-30,食品,曝光型,EMP0002,2025-05-13,
A00129,時尚穿搭，輕鬆打造！,2025-07-29,2025-07-31,家居,曝光型,EMP0001,2025-05-07,
A00130,會員專享，積分雙倍送！,2025-07-06,2025-07-10,家居,品牌型,EMP0002,2025-05-13,
A00131,健康美食，新鮮直達！,2025-07-04,2025-07-30,美妝,品牌型,EMP0001,2025-06-18,
A00132,夏日特惠，全場5折起！,2025-07-14,2025-07-26,服飾,曝光型,EMP0002,2025-06-05,
A00133,時尚穿搭，輕鬆打造！,2025-07-12,2025-07-29,食品,轉換型,EMP0002,2025-06-26,
A00134,家居好物，溫馨滿屋！,2025-07-22,2025-07-25,全品類,轉換型,EMP0001,2025-05-11,2025-07-19
A00135,滿額免運，速來選購！,2025-07-27,2025-07-31,全品類,轉換型,EMP0003,2025-05-20,
A00136,會員專享，積分雙倍送！,2025-07-03,2025-07-25,圖書,曝光型,EMP0003,2025-05-17,
A00137,夏日特惠，全場5折起！,2025-07-14,2025-07-16,食品,曝光型,EMP0000,2025-06-30,
A00138,會員專享，積分雙倍送！,2025-07-27,2025-07-28,家居,品牌型,EMP0002,2025-06-25,
A00139,滿額免運，速來選購！,2025-07-05,2025-07-26,3C,品牌型,EMP0002,2025-06-11,
A00140,閱讀好時光，書香伴你行！,2025-07-17,2025-07-22,家居,曝光型,EMP0000,2025-05-15,
A00141,時尚穿搭，輕鬆打造！,2025-07-30,2025-07-31,全品類,品牌型,EMP0000,2025-06-21,
A00142,美妝護膚，煥發光彩！,2025-07-14,2025-07-17,服飾,曝光型,EMP0003,2025-04-30,
A00143,會員專享，積分雙倍送！,2025-07-06,2025-07-15,美妝,曝光型,EMP0001,2025-05-14,
A00144,健康美食，新鮮直達！,2025-07-16,2025-07-27,美妝,品牌型,EMP0003,2025-06-03,
A00145,健康美食，新鮮直達！,2025-07-14,2025-07-19,家居,轉換型,EMP0001,2025-06-22,
A00146,美妝護膚，煥發光彩！,2025-07-04,2025-07-15,家居,曝光型,EMP0002,2025-05-09,
A00147,智能生活，從此開始！,2025-07-18,2025-07-25,全品類,曝光型,EMP0001,2025-06-10,
A00148,新品上市，限量搶購中！,2025-07-14,2025-07-31,美妝,曝光型,EMP0004,2025-06-25,
A00149,家居好物，溫馨滿屋！,2025-07-29,2025-07-31,3C,曝光型,EMP0004,2025-05-07,
A00150,健康美食，新鮮直達！,2025-07-14,2025-07-16,食品,曝光型,EMP0000,2025-07-12,2025-07-15
A00151,智能生活，從此開始！,2025-07-06,2025-07-10,家居,品牌型,EMP0000,2025-07-07,
A00152,新品上市，限量搶購中！,2025-07-09,2025-07-23,美妝,品牌型,EMP0000,2025-06-01,
A00153,會員專享，積分雙倍送！,2025-07-29,2025-07-30,服飾,曝光型,EMP0001,2025-07-05,
A00154,美妝護膚，煥發光彩！,2025-07-25,2025-07-29,3C,曝光型,EMP0004,2025-05-20,
A00155,美妝護膚，煥發光彩！,2025-07-27,2025-07-30,家居,品牌型,EMP0001,2025-07-08,
A00156,新品上市，限量搶購中！,2025-07-03,2025-07-30,圖書,曝光型,EMP0000,2025-05-07,
A00157,會員專享，積分雙倍送！,2025-07-16,2025-07-26,美妝,轉換型,EMP0000,2025-06-14,
A00158,滿額免運，速來選購！,2025-07-11,2025-07-18,食品,曝光型,EMP0002,2025-04-16,
A00159,滿額免運，速來選購！,2025-07-21,2025-07-31,3C,轉換型,EMP0000,2025-07-02,
A00160,美妝護膚，煥發光彩！,2025-07-04,2025-07-08,圖書,曝光型,EMP0001,2025-06-02,
A00161,智能生活，從此開始！,2025-07-20,2025-07-22,全品類,品牌型,EMP0002,2025-05-31,
A00162,智能生活，從此開始！,2025-07-04,2025-07-10,3C,曝光型,EMP0000,2025-04-15,2025-07-17
A00163,閱讀好時光，書香伴你行！,2025-07-27,2025-07-30,美妝,品牌型,EMP0003,2025-05-23,
A00164,閱讀好時光，書香伴你行！,2025-07-28,2025-07-29,美妝,轉換型,EMP0004,2025-06-05,
A00165,新品上市，限量搶購中！,2025-07-19,2025-07-26,3C,品牌型,EMP0004,2025-05-04,
A00166,夏日特惠，全場5折起！,2025-07-15,2025-07-29,食品,品牌型,EMP0001,2025-04-29,
A00167,閱讀好時光，書香伴你行！,2025-07-01,2025-07-24,食品,曝光型,EMP0001,2025-05-10,
A00168,健康美食，新鮮直達！,2025-07-03,2025-07-07,3C,品牌型,EMP0002,2025-06-19,
A00169,家居好物，溫馨滿屋！,2025-07-27,2025-07-30,美妝,轉換型,EMP0000,2025-05-02,
A00170,會員專享，積分雙倍送！,2025-07-08,2025-07-20,3C,曝光型,EMP0000,2025-06-17,
A00171,閱讀好時光，書香伴你行！,2025-07-23,2025-07-28,3C,轉換型,EMP0002,2025-05-22,
A00172,智能生活，從此開始！,2025-07-02,2025-07-29,圖書,曝光型,EMP0001,2025-05-07,
A00173,滿額免運，速來選購！,2025-07-11,2025-07-31,服飾,轉換型,EMP0000,2025-05-02,
A00174,美妝護膚，煥發光彩！,2025-07-30,2025-07-31,服飾,轉換型,EMP0000,2025-06-09,
A00175,閱讀好時光，書香伴你行！,2025-07-04,2025-07-29,全品類,曝光型,EMP0003,2025-06-24,
A00176,智能生活，從此開始！,2025-07-16,2025-07-17,家居,品牌型,EMP0003,2025-06-15,
A00177,夏日特惠，全場5折起！,2025-07-01,2025-07-03,3C,轉換型,EMP0003,2025-05-25,
A00178,家居好物，溫馨滿屋！,2025-07-19,2025-07-25,3C,轉換型,EMP0003,2025-06-08,
A00179,新品上市，限量搶購中！,2025-07-28,2025-07-31,美妝,品牌型,EMP0003,2025-05-11,
A00180,智能生活，從此開始！,2025-07-15,2025-07-24,服飾,曝光型,EMP0000,2025-06-01,
A00181,夏日特惠，全場5折起！,2025-07-04,2025-07-23,美妝,曝光型,EMP0001,2025-06-10,
A00182,家居好物，溫馨滿屋！,2025-07-20,2025-07-31,美妝,轉換型,EMP0001,2025-05-01,
A00183,滿額免運，速來選購！,2025-07-22,2025-07-25,家居,轉換型,EMP0003,2025-04-23,
A00184,智能生活，從此開始！,2025-07-19,2025-07-25,全品類,轉換型,EMP0004,2025-06-06,
A00185,家居好物，溫馨滿屋！,2025-07-04,2025-07-15,美妝,轉換型,EMP0003,2025-04-20,
A00186,新品上市，限量搶購中！,2025-07-08,2025-07-19,食品,轉換型,EMP0002,2025-05-05,
A00187,滿額免運，速來選購！,2025-07-15,2025-07-23,家居,曝光型,EMP0004,2025-04-25,2025-05-08
A00188,時尚穿搭，輕鬆打造！,2025-07-04,2025-07-26,服飾,轉換型,EMP0004,2025-07-15,2025-07-17
A00189,時尚穿搭，輕鬆打造！,2025-07-21,2025-07-25,服飾,轉換型,EMP0001,2025-06-03,
A00190,閱讀好時光，書香伴你行！,2025-07-05,2025-07-06,3C,轉換型,EMP0001,2025-05-11,
A00191,時尚穿搭，輕鬆打造！,2025-07-29,2025-07-31,美妝,曝光型,EMP0003,2025-05-09,
A00192,閱讀好時光，書香伴你行！,2025-07-11,2025-07-28,食品,轉換型,EMP0000,2025-06-26,
A00193,家居好物，溫馨滿屋！,2025-07-18,2025-07-29,美妝,轉換型,EMP0002,2025-06-20,
A00194,夏日特惠，全場5折起！,2025-07-30,2025-07-31,全品類,轉換型,EMP0004,2025-06-24,
A00195,滿額免運，速來選購！,2025-07-09,2025-07-26,全品類,曝光型,EMP0001,2025-07-04,
A00196,夏日特惠，全場5折起！,2025-07-25,2025-07-30,家居,轉換型,EMP0002,2025-06-30,
A00197,新品上市，限量搶購中！,2025-07-10,2025-07-19,全品類,曝光型,EMP0000,2025-06-27,
A00198,健康美食，新鮮直達！,2025-07-13,2025-07-29,家居,轉換型,EMP0002,2025-04-08,
A00199,健康美食，新鮮直達！,2025-07-11,2025-07-18,美妝,品牌型,EMP0004,2025-07-01,2025-07-20
A00200,美妝護膚，煥發光彩！,2025-07-20,2025-07-26,全品類,品牌型,EMP0003,2025-06-04,2025-07-29
A00201,美妝護膚，煥發光彩！,2025-07-03,2025-07-15,服飾,轉換型,EMP0003,2025-05-26,2025-05-31
A00202,美妝護膚，煥發光彩！,2025-07-30,2025-07-31,食品,品牌型,EMP0004,2025-06-14,
A00203,滿額免運，速來選購！,2025-07-04,2025-07-08,圖書,品牌型,EMP0001,2025-07-19,
A00204,滿額免運，速來選購！,2025-07-26,2025-07-31,食品,轉換型,EMP0001,2025-05-26,
A00205,健康美食，新鮮直達！,2025-07-01,2025-07-20,家居,品牌型,EMP0003,2025-06-04,
A00206,夏日特惠，全場5折起！,2025-07-23,2025-07-26,食品,轉換型,EMP0000,2025-05-28,2025-06-01
A00207,新品上市，限量搶購中！,2025-07-15,2025-07-30,食品,曝光型,EMP0003,2025-04-23,2025-06-17
A00208,時尚穿搭，輕鬆打造！,2025-07-29,2025-07-30,全品類,品牌型,EMP0001,2025-04-25,
A00209,夏日特惠，全場5折起！,2025-07-29,2025-07-30,3C,品牌型,EMP0002,2025-07-15,
A00210,滿額免運，速來選購！,2025-07-23,2025-07-25,全品類,轉換型,EMP0002,2025-07-03,
A00211,會員專享，積分雙倍送！,2025-07-17,2025-07-21,圖書,曝光型,EMP0004,2025-05-27,
A00212,新品上市，限量搶購中！,2025-07-21,2025-07-25,美妝,轉換型,EMP0004,2025-06-20,
A00213,智能生活，從此開始！,2025-07-07,2025-07-20,圖書,品牌型,EMP0004,2025-05-01,
A00214,美妝護膚，煥發光彩！,2025-07-19,2025-07-31,美妝,曝光型,EMP0001,2025-05-22,
A00215,時尚穿搭，輕鬆打造！,2025-07-20,2025-07-22,食品,品牌型,EMP0004,2025-05-15,
A00216,時尚穿搭，輕鬆打造！,2025-07-29,2025-07-31,3C,品牌型,EMP0002,2025-05-11,
A00217,美妝護膚，煥發光彩！,2025-07-23,2025-07-24,服飾,轉換型,EMP0001,2025-06-09,
A00218,滿額免運，速來選購！,2025-07-11,2025-07-18,圖書,曝光型,EMP0004,2025-06-03,
A00219,閱讀好時光，書香伴你行！,2025-07-28,2025-07-29,食品,品牌型,EMP0001,2025-05-28,
A00220,滿額免運，速來選購！,2025-07-07,2025-07-15,3C,曝光型,EMP0002,2025-07-12,
A00221,時尚穿搭，輕鬆打造！,2025-07-27,2025-07-30,服飾,轉換型,EMP0000,2025-04-14,
A00222,美妝護膚，煥發光彩！,2025-07-17,2025-07-30,美妝,品牌型,EMP0000,2025-04-30,
A00223,會員專享，積分雙倍送！,2025-07-07,2025-07-26,家居,曝光型,EMP0002,2025-07-28,
A00224,時尚穿搭，輕鬆打造！,2025-07-16,2025-07-19,服飾,品牌型,EMP0004,2025-06-15,
A00225,家居好物，溫馨滿屋！,2025-07-13,2025-07-29,服飾,轉換型,EMP0000,2025-06-12,
A00226,智能生活，從此開始！,2025-07-04,2025-07-27,全品類,曝光型,EMP0003,2025-05-28,
A00227,智能生活，從此開始！,2025-07-30,2025-07-31,服飾,品牌型,EMP0004,2025-07-04,
A00228,美妝護膚，煥發光彩！,2025-07-09,2025-07-14,全品類,曝光型,EMP0001,2025-06-06,
A00229,閱讀好時光，書香伴你行！,2025-07-22,2025-07-28,食品,轉換型,EMP0003,2025-06-16,
A00230,夏日特惠，全場5折起！,2025-07-02,2025-07-04,家居,轉換型,EMP0004,2025-04-28,
A00231,閱讀好時光，書香伴你行！,2025-07-09,2025-07-19,全品類,品牌型,EMP0001,2025-05-21,
A00232,會員專享，積分雙倍送！,2025-07-24,2025-07-28,圖書,曝光型,EMP0002,2025-05-09,2025-07-03
A00233,健康美食，新鮮直達！,2025-07-30,2025-07-31,食品,曝光型,EMP0001,2025-05-15,
A00234,美妝護膚，煥發光彩！,2025-07-13,2025-07-19,美妝,轉換型,EMP0000,2025-06-26,2025-06-27
A00235,家居好物，溫馨滿屋！,2025-07-12,2025-07-25,圖書,品牌型,EMP0003,2025-05-13,
A00236,新品上市，限量搶購中！,2025-07-06,2025-07-24,3C,曝光型,EMP0000,2025-05-08,2025-05-19
A00237,美妝護膚，煥發光彩！,2025-07-13,2025-07-29,美妝,曝光型,EMP0000,2025-06-05,
A00238,時尚穿搭，輕鬆打造！,2025-07-01,2025-07-27,全品類,轉換型,EMP0003,2025-06-05,
A00239,時尚穿搭，輕鬆打造！,2025-07-19,2025-07-31,服飾,曝光型,EMP0003,2025-05-29,
A00240,會員專享，積分雙倍送！,2025-07-29,2025-07-31,服飾,品牌型,EMP0002,2025-06-06,
A00241,美妝護膚，煥發光彩！,2025-07-03,2025-07-15,3C,曝光型,EMP0004,2025-07-08,
A00242,智能生活，從此開始！,2025-07-28,2025-07-31,服飾,品牌型,EMP0000,2025-05-12,
A00243,美妝護膚，煥發光彩！,2025-07-24,2025-07-27,圖書,曝光型,EMP0002,2025-05-18,
A00244,新品上市，限量搶購中！,2025-07-14,2025-07-23,美妝,曝光型,EMP0002,2025-04-29,
A00245,夏日特惠，全場5折起！,2025-07-13,2025-07-25,3C,轉換型,EMP0001,2025-07-26,
A00246,滿額免運，速來選購！,2025-07-17,2025-07-27,服飾,轉換型,EMP0002,2025-04-29,
A00247,新品上市，限量搶購中！,2025-07-29,2025-07-31,全品類,品牌型,EMP0000,2025-05-12,2025-06-19
A00248,智能生活，從此開始！,2025-07-11,2025-07-27,食品,曝光型,EMP0000,2025-04-20,
A00249,時尚穿搭，輕鬆打造！,2025-07-05,2025-07-13,食品,品牌型,EMP0002,2025-07-12,
A00250,家居好物，溫馨滿屋！,2025-07-19,2025-07-28,3C,品牌型,EMP0001,2025-07-07,
A00251,智能生活，從此開始！,2025-07-13,2025-07-15,全品類,品牌型,EMP0000,2025-05-02,
A00252,滿額免運，速來選購！,2025-07-09,2025-07-28,服飾,轉換型,EMP0004,2025-04-22,2025-07-15
A00253,時尚穿搭，輕鬆打造！,2025-07-27,2025-07-28,家居,品牌型,EMP0002,2025-05-30,
A00254,夏日特惠，全場5折起！,2025-07-21,2025-07-26,圖書,曝光型,EMP0000,2025-06-20,
A00255,智能生活，從此開始！,2025-07-18,2025-07-27,服飾,品牌型,EMP0000,2025-05-23,
A00256,會員專享，積分雙倍送！,2025-07-05,2025-07-14,3C,轉換型,EMP0000,2025-04-21,
A00257,時尚穿搭，輕鬆打造！,2025-07-17,2025-07-18,家居,曝光型,EMP0004,2025-07-03,
A00258,閱讀好時光，書香伴你行！,2025-07-24,2025-07-28,家居,品牌型,EMP0004,2025-06-30,
A00259,家居好物，溫馨滿屋！,2025-07-25,2025-07-26,美妝,轉換型,EMP0002,2025-06-07,
A00260,會員專享，積分雙倍送！,2025-07-07,2025-07-28,3C,品牌型,EMP0002,2025-04-06,
A00261,時尚穿搭，輕鬆打造！,2025-07-03,2025-07-26,家居,曝光型,EMP0000,2025-06-10,
A00262,時尚穿搭，輕鬆打造！,2025-07-13,2025-07-19,家居,品牌型,EMP0001,2025-06-11,
A00263,美妝護膚，煥發光彩！,2025-07-10,2025-07-19,圖書,曝光型,EMP0004,2025-06-12,
A00264,家居好物，溫馨滿屋！,2025-07-18,2025-07-26,3C,曝光型,EMP0004,2025-07-17,
A00265,閱讀好時光，書香伴你行！,2025-07-02,2025-07-14,服飾,曝光型,EMP0000,2025-04-24,
A00266,健康美食，新鮮直達！,2025-07-24,2025-07-26,食品,品牌型,EMP0002,2025-06-11,
A00267,美妝護膚，煥發光彩！,2025-07-01,2025-07-26,美妝,品牌型,EMP0000,2025-06-22,
A00268,家居好物，溫馨滿屋！,2025-07-13,2025-07-23,家居,曝光型,EMP0003,2025-07-27,
A00269,閱讀好時光，書香伴你行！,2025-07-27,2025-07-28,3C,品牌型,EMP0001,2025-06-09,
A00270,夏日特惠，全場5折起！,2025-07-29,2025-07-30,圖書,曝光型,EMP0003,2025-06-21,2025-07-22
A00271,智能生活，從此開始！,2025-07-05,2025-07-27,圖書,曝光型,EMP0002,2025-06-03,
A00272,滿額免運，速來選購！,2025-07-16,2025-07-19,圖書,品牌型,EMP0002,2025-06-17,
A00273,閱讀好時光，書香伴你行！,2025-07-28,2025-07-31,圖書,品牌型,EMP0004,2025-04-20,
A00274,時尚穿搭，輕鬆打造！,2025-07-13,2025-07-19,家居,轉換型,EMP0004,2025-06-05,
A00275,會員專享，積分雙倍送！,2025-07-25,2025-07-29,全品類,轉換型,EMP0001,2025-07-12,
A00276,家居好物，溫馨滿屋！,2025-07-20,2025-07-22,服飾,曝光型,EMP0000,2025-05-13,
A00277,夏日特惠，全場5折起！,2025-07-30,2025-07-31,圖書,品牌型,EMP0000,2025-06-21,
A00278,智能生活，從此開始！,2025-07-20,2025-07-23,美妝,品牌型,EMP0004,2025-04-11,
A00279,美妝護膚，煥發光彩！,2025-07-04,2025-07-05,全品類,轉換型,EMP0004,2025-05-28,
A00280,家居好物，溫馨滿屋！,2025-07-15,2025-07-19,圖書,曝光型,EMP0002,2025-05-17,
A00281,會員專享，積分雙倍送！,2025-07-24,2025-07-29,美妝,品牌型,EMP0003,2025-06-20,
A00282,閱讀好時光，書香伴你行！,2025-07-04,2025-07-10,全品類,曝光型,EMP0002,2025-05-14,
A00283,夏日特惠，全場5折起！,2025-07-22,2025-07-26,3C,品牌型,EMP0001,2025-06-26,
A00284,美妝護膚，煥發光彩！,2025-07-28,2025-07-29,全品類,品牌型,EMP0004,2025-05-19,
A00285,健康美食，新鮮直達！,2025-07-21,2025-07-25,服飾,轉換型,EMP0003,2025-05-02,
A00286,時尚穿搭，輕鬆打造！,2025-07-11,2025-07-14,家居,品牌型,EMP0001,2025-06-03,
A00287,智能生活，從此開始！,2025-07-27,2025-07-31,服飾,轉換型,EMP0003,2025-04-05,
A00288,健康美食，新鮮直達！,2025-07-17,2025-07-31,圖書,轉換型,EMP0000,2025-04-18,
A00289,家居好物，溫馨滿屋！,2025-07-19,2025-07-23,圖書,轉換型,EMP0004,2025-05-29,
A00290,新品上市，限量搶購中！,2025-07-22,2025-07-30,美妝,品牌型,EMP0000,2025-06-13,
A00291,家居好物，溫馨滿屋！,2025-07-04,2025-07-08,食品,品牌型,EMP0004,2025-06-06,
A00292,智能生活，從此開始！,2025-07-08,2025-07-17,服飾,曝光型,EMP0002,2025-07-14,
A00293,智能生活，從此開始！,2025-07-03,2025-07-09,美妝,品牌型,EMP0000,2025-05-23,
A00294,夏日特惠，全場5折起！,2025-07-01,2025-07-06,食品,曝光型,EMP0000,2025-06-05,
A00295,滿額免運，速來選購！,2025-07-07,2025-07-10,全品類,轉換型,EMP0001,2025-04-12,
A00296,智能生活，從此開始！,2025-07-24,2025-07-30,服飾,品牌型,EMP0004,2025-05-24,2025-06-07
A00297,健康美食，新鮮直達！,2025-07-24,2025-07-31,全品類,曝光型,EMP0003,2025-05-14,2025-06-25
A00298,滿額免運，速來選購！,2025-07-13,2025-07-25,食品,品牌型,EMP0003,2025-04-13,
A00299,家居好物，溫馨滿屋！,2025-07-29,2025-07-30,服飾,轉換型,EMP0003,2025-05-16,
A00300,新品上市，限量搶購中！,2025-07-17,2025-07-21,家居,轉換型,EMP0002,2025-05-22,
A00301,家居好物，溫馨滿屋！,2025-07-13,2025-07-15,家居,曝光型,EMP0001,2025-05-12,
A00302,滿額免運，速來選購！,2025-07-16,2025-07-24,美妝,轉換型,EMP0002,2025-04-08,
A00303,會員專享，積分雙倍送！,2025-07-23,2025-07-28,食品,曝光型,EMP0000,2025-06-01,
A00304,智能生活，從此開始！,2025-07-10,2025-07-16,美妝,品牌型,EMP0002,2025-05-31,
A00305,時尚穿搭，輕鬆打造！,2025-07-11,2025-07-16,服飾,轉換型,EMP0004,2025-07-13,
A00306,閱讀好時光，書香伴你行！,2025-07-08,2025-07-14,全品類,曝光型,EMP0004,2025-06-09,
A00307,會員專享，積分雙倍送！,2025-07-18,2025-07-21,服飾,轉換型,EMP0002,2025-07-22,
A00308,夏日特惠，全場5折起！,2025-07-12,2025-07-28,美妝,轉換型,EMP0001,2025-07-03,
A00309,美妝護膚，煥發光彩！,2025-07-13,2025-07-21,美妝,品牌型,EMP0001,2025-04-14,
A00310,健康美食，新鮮直達！,2025-07-26,2025-07-30,3C,曝光型,EMP0004,2025-05-24,
A00311,新品上市，限量搶購中！,2025-07-21,2025-07-25,全品類,轉換型,EMP0002,2025-06-01,
A00312,美妝護膚，煥發光彩！,2025-07-07,2025-07-08,服飾,曝光型,EMP0001,2025-05-02,
A00313,時尚穿搭，輕鬆打造！,2025-07-26,2025-07-27,美妝,曝光型,EMP0001,2025-05-11,
A00314,健康美食，新鮮直達！,2025-07-26,2025-07-29,3C,曝光型,EMP0002,2025-04-21,
A00315,夏日特惠，全場5折起！,2025-07-27,2025-07-28,全品類,曝光型,EMP0002,2025-05-26,
A00316,智能生活，從此開始！,2025-07-30,2025-07-31,全品類,品牌型,EMP0003,2025-06-27,
A00317,夏日特惠，全場5折起！,2025-07-30,2025-07-31,圖書,曝光型,EMP0004,2025-06-24,
A00318,夏日特惠，全場5折起！,2025-07-18,2025-07-26,圖書,轉換型,EMP0000,2025-05-12,
A00319,會員專享，積分雙倍送！,2025-07-05,2025-07-11,全品類,品牌型,EMP0004,2025-06-14,2025-06-25
A00320,時尚穿搭，輕鬆打造！,2025-07-09,2025-07-10,美妝,曝光型,EMP0000,2025-07-01,
A00321,美妝護膚，煥發光彩！,2025-07-12,2025-07-19,家居,品牌型,EMP0003,2025-04-24,
A00322,智能生活，從此開始！,2025-07-15,2025-07-29,服飾,品牌型,EMP0001,2025-07-02,
A00323,新品上市，限量搶購中！,2025-07-18,2025-07-24,圖書,曝光型,EMP0002,2025-07-02,
A00324,會員專享，積分雙倍送！,2025-07-25,2025-07-30,美妝,曝光型,EMP0002,2025-05-06,
A00325,智能生活，從此開始！,2025-07-07,2025-07-23,家居,品牌型,EMP0001,2025-05-18,
A00326,會員專享，積分雙倍送！,2025-07-15,2025-07-27,圖書,品牌型,EMP0001,2025-06-02,
A00327,健康美食，新鮮直達！,2025-07-05,2025-07-17,全品類,曝光型,EMP0003,2025-06-05,
A00328,夏日特惠，全場5折起！,2025-07-26,2025-07-28,全品類,曝光型,EMP0003,2025-06-08,
A00329,美妝護膚，煥發光彩！,2025-07-19,2025-07-27,食品,轉換型,EMP0004,2025-06-16,
A00330,新品上市，限量搶購中！,2025-07-12,2025-07-17,圖書,轉換型,EMP0004,2025-07-17,
A00331,美妝護膚，煥發光彩！,2025-07-13,2025-07-22,服飾,轉換型,EMP0000,2025-06-30,
A00332,智能生活，從此開始！,2025-07-07,2025-07-26,食品,轉換型,EMP0001,2025-07-04,2025-07-28
A00333,家居好物，溫馨滿屋！,2025-07-17,2025-07-22,家居,曝光型,EMP0004,2025-06-23,2025-06-26
A00334,夏日特惠，全場5折起！,2025-07-10,2025-07-30,3C,品牌型,EMP0003,2025-06-15,
A00335,閱讀好時光，書香伴你行！,2025-07-03,2025-07-29,美妝,曝光型,EMP0003,2025-04-28,
A00336,夏日特惠，全場5折起！,2025-07-22,2025-07-27,食品,轉換型,EMP0003,2025-05-29,
A00337,會員專享，積分雙倍送！,2025-07-20,2025-07-27,家居,轉換型,EMP0002,2025-04-24,
A00338,會員專享，積分雙倍送！,2025-07-19,2025-07-31,3C,曝光型,EMP0002,2025-05-03,
A00339,時尚穿搭，輕鬆打造！,2025-07-12,2025-07-14,3C,品牌型,EMP0004,2025-06-11,
A00340,閱讀好時光，書香伴你行！,2025-07-25,2025-07-27,圖書,轉換型,EMP0003,2025-05-06,
A00341,家居好物，溫馨滿屋！,2025-07-26,2025-07-27,3C,品牌型,EMP0002,2025-04-23,
A00342,家居好物，溫馨滿屋！,2025-07-02,2025-07-16,全品類,品牌型,EMP0003,2025-07-04,
A00343,家居好物，溫馨滿屋！,2025-07-04,2025-07-15,家居,曝光型,EMP0003,2025-05-28,
A00344,健康美食，新鮮直達！,2025-07-20,2025-07-25,全品類,曝光型,EMP0004,2025-05-04,
A00345,滿額免運，速來選購！,2025-07-09,2025-07-25,食品,曝光型,EMP0001,2025-06-06,
A00346,健康美食，新鮮直達！,2025-07-26,2025-07-28,全品類,品牌型,EMP0002,2025-05-20,2025-07-07
A00347,智能生活，從此開始！,2025-07-30,2025-07-31,3C,曝光型,EMP0003,2025-04-30,
A00348,閱讀好時光，書香伴你行！,2025-07-19,2025-07-29,食品,轉換型,EMP0003,2025-05-22,
A00349,家居好物，溫馨滿屋！,2025-07-14,2025-07-19,3C,品牌型,EMP0002,2025-05-06,
A00350,家居好物，溫馨滿屋！,2025-07-28,2025-07-31,美妝,轉換型,EMP0004,2025-05-19,
A00351,美妝護膚，煥發光彩！,2025-07-14,2025-07-27,全品類,曝光型,EMP0001,2025-07-10,
A00352,閱讀好時光，書香伴你行！,2025-07-01,2025-07-31,食品,品牌型,EMP0003,2025-06-10,
A00353,新品上市，限量搶購中！,2025-07-18,2025-07-30,家居,品牌型,EMP0000,2025-07-09,
A00354,智能生活，從此開始！,2025-07-27,2025-07-30,3C,曝光型,EMP0002,2025-05-20,
A00355,家居好物，溫馨滿屋！,2025-07-11,2025-07-29,圖書,曝光型,EMP0004,2025-07-02,2025-07-21
A00356,美妝護膚，煥發光彩！,2025-07-06,2025-07-25,家居,曝光型,EMP0000,2025-05-09,
A00357,滿額免運，速來選購！,2025-07-24,2025-07-29,食品,品牌型,EMP0004,2025-04-09,2025-06-10
A00358,夏日特惠，全場5折起！,2025-07-19,2025-07-26,家居,品牌型,EMP0000,2025-05-13,
A00359,會員專享，積分雙倍送！,2025-07-15,2025-07-24,食品,品牌型,EMP0002,2025-04-23,
A00360,健康美食，新鮮直達！,2025-07-30,2025-07-31,家居,品牌型,EMP0004,2025-05-04,
A00361,智能生活，從此開始！,2025-07-13,2025-07-26,食品,轉換型,EMP0004,2025-06-25,
A00362,夏日特惠，全場5折起！,2025-07-23,2025-07-24,家居,曝光型,EMP0002,2025-06-17,
A00363,健康美食，新鮮直達！,2025-07-08,2025-07-22,家居,曝光型,EMP0003,2025-04-30,2025-06-09
A00364,家居好物，溫馨滿屋！,2025-07-05,2025-07-19,服飾,曝光型,EMP0004,2025-05-07,
A00365,會員專享，積分雙倍送！,2025-07-09,2025-07-29,美妝,品牌型,EMP0000,2025-05-05,
A00366,智能生活，從此開始！,2025-07-10,2025-07-31,食品,轉換型,EMP0001,2025-06-30,
A00367,健康美食，新鮮直達！,2025-07-05,2025-07-08,服飾,轉換型,EMP0003,2025-07-23,
A00368,健康美食，新鮮直達！,2025-07-06,2025-07-27,全品類,曝光型,EMP0004,2025-04-25,
A00369,閱讀好時光，書香伴你行！,2025-07-27,2025-07-31,圖書,品牌型,EMP0002,2025-07-18,
A00370,滿額免運，速來選購！,2025-07-19,2025-07-23,食品,品牌型,EMP0000,2025-05-29,
A00371,會員專享，積分雙倍送！,2025-07-08,2025-07-21,美妝,轉換型,EMP0000,2025-04-21,
A00372,智能生活，從此開始！,2025-07-29,2025-07-31,服飾,曝光型,EMP0004,2025-06-11,
A00373,閱讀好時光，書香伴你行！,2025-07-07,2025-07-16,圖書,曝光型,EMP0000,2025-05-07,
A00374,閱讀好時光，書香伴你行！,2025-07-28,2025-07-29,美妝,轉換型,EMP0002,2025-04-18,
A00375,滿額免運，速來選購！,2025-07-02,2025-07-25,服飾,曝光型,EMP0000,2025-05-25,2025-06-23
A00376,夏日特惠，全場5折起！,2025-07-20,2025-07-31,服飾,曝光型,EMP0001,2025-06-21,
A00377,閱讀好時光，書香伴你行！,2025-07-22,2025-07-30,家居,品牌型,EMP0003,2025-07-23,
A00378,家居好物，溫馨滿屋！,2025-07-06,2025-07-07,圖書,品牌型,EMP0003,2025-04-11,
A00379,健康美食，新鮮直達！,2025-07-08,2025-07-13,美妝,品牌型,EMP0003,2025-06-13,
A00380,閱讀好時光，書香伴你行！,2025-07-05,2025-07-09,食品,品牌型,EMP0000,2025-04-10,
A00381,滿額免運，速來選購！,2025-07-04,2025-07-17,美妝,曝光型,EMP0001,2025-06-13,
A00382,健康美食，新鮮直達！,2025-07-29,2025-07-30,圖書,品牌型,EMP0002,2025-05-02,
A00383,健康美食，新鮮直達！,2025-07-26,2025-07-30,全品類,品牌型,EMP0001,2025-05-13,
A00384,新品上市，限量搶購中！,2025-07-19,2025-07-26,食品,轉換型,EMP0004,2025-06-19,
A00385,美妝護膚，煥發光彩！,2025-07-11,2025-07-16,食品,轉換型,EMP0002,2025-05-21,
A00386,新品上市，限量搶購中！,2025-07-07,2025-07-31,美妝,曝光型,EMP0001,2025-05-19,
A00387,智能生活，從此開始！,2025-07-14,2025-07-27,食品,轉換型,EMP0002,2025-06-01,
A00388,家居好物，溫馨滿屋！,2025-07-26,2025-07-30,服飾,轉換型,EMP0004,2025-06-09,
A00389,會員專享，積分雙倍送！,2025-07-21,2025-07-27,圖書,曝光型,EMP0004,2025-05-11,
A00390,家居好物，溫馨滿屋！,2025-07-28,2025-07-31,食品,曝光型,EMP0003,2025-06-04,
A00391,閱讀好時光，書香伴你行！,2025-07-30,2025-07-31,3C,品牌型,EMP0001,2025-04-30,
A00392,閱讀好時光，書香伴你行！,2025-07-29,2025-07-30,服飾,曝光型,EMP0002,2025-06-25,
A00393,滿額免運，速來選購！,2025-07-07,2025-07-31,全品類,曝光型,EMP0002,2025-05-11,
A00394,滿額免運，速來選購！,2025-07-28,2025-07-31,服飾,曝光型,EMP0001,2025-05-28,
A00395,家居好物，溫馨滿屋！,2025-07-23,2025-07-30,家居,轉換型,EMP0002,2025-05-20,2025-05-21
A00396,新品上市，限量搶購中！,2025-07-18,2025-07-27,全品類,曝光型,EMP0002,2025-05-21,
A00397,美妝護膚，煥發光彩！,2025-07-19,2025-07-22,全品類,曝光型,EMP0003,2025-06-18,
A00398,閱讀好時光，書香伴你行！,2025-07-03,2025-07-25,家居,品牌型,EMP0004,2025-05-18,
A00399,家居好物，溫馨滿屋！,2025-07-06,2025-07-20,全品類,曝光型,EMP0000,2025-06-30,
A00400,智能生活，從此開始！,2025-07-21,2025-07-25,圖書,品牌型,EMP0003,2025-04-20,
A00401,時尚穿搭，輕鬆打造！,2025-07-16,2025-07-17,美妝,轉換型,EMP0002,2025-04-18,
A00402,時尚穿搭，輕鬆打造！,2025-07-23,2025-07-24,全品類,品牌型,EMP0004,2025-05-13,2025-05-17
A00403,滿額免運，速來選購！,2025-07-11,2025-07-27,美妝,轉換型,EMP0004,2025-04-21,
A00404,滿額免運，速來選購！,2025-07-19,2025-07-28,3C,曝光型,EMP0001,2025-06-10,
A00405,家居好物，溫馨滿屋！,2025-07-23,2025-07-28,服飾,轉換型,EMP0003,2025-06-24,
A00406,健康美食，新鮮直達！,2025-07-20,2025-07-23,服飾,轉換型,EMP0004,2025-06-04,
A00407,智能生活，從此開始！,2025-07-12,2025-07-29,3C,品牌型,EMP0001,2025-05-04,
A00408,閱讀好時光，書香伴你行！,2025-07-04,2025-07-16,圖書,轉換型,EMP0001,2025-07-09,
A00409,新品上市，限量搶購中！,2025-07-10,2025-07-14,圖書,曝光型,EMP0001,2025-04-06,2025-06-17
A00410,時尚穿搭，輕鬆打造！,2025-07-23,2025-07-25,3C,曝光型,EMP0001,2025-05-07,2025-06-16
A00411,夏日特惠，全場5折起！,2025-07-27,2025-07-28,服飾,曝光型,EMP0004,2025-06-27,
A00412,家居好物，溫馨滿屋！,2025-07-23,2025-07-28,美妝,品牌型,EMP0000,2025-06-11,2025-06-16
A00413,美妝護膚，煥發光彩！,2025-07-27,2025-07-31,美妝,曝光型,EMP0000,2025-05-06,
A00414,時尚穿搭，輕鬆打造！,2025-07-08,2025-07-22,美妝,曝光型,EMP0000,2025-05-11,
A00415,會員專享，積分雙倍送！,2025-07-08,2025-07-10,服飾,曝光型,EMP0003,2025-04-10,
A00416,家居好物，溫馨滿屋！,2025-07-24,2025-07-29,家居,曝光型,EMP0003,2025-07-05,
A00417,健康美食，新鮮直達！,2025-07-03,2025-07-28,美妝,曝光型,EMP0002,2025-05-26,
A00418,家居好物，溫馨滿屋！,2025-07-18,2025-07-21,3C,品牌型,EMP0004,2025-05-20,
A00419,家居好物，溫馨滿屋！,2025-07-20,2025-07-27,家居,轉換型,EMP0004,2025-05-20,
A00420,時尚穿搭，輕鬆打造！,2025-07-26,2025-07-28,全品類,轉換型,EMP0000,2025-04-07,
A00421,健康美食，新鮮直達！,2025-07-20,2025-07-23,家居,曝光型,EMP0004,2025-06-14,
A00422,新品上市，限量搶購中！,2025-07-04,2025-07-06,美妝,曝光型,EMP0003,2025-05-24,
A00423,健康美食，新鮮直達！,2025-07-02,2025-07-20,食品,品牌型,EMP0004,2025-05-17,
A00424,美妝護膚，煥發光彩！,2025-07-12,2025-07-18,圖書,曝光型,EMP0004,2025-05-19,
A00425,美妝護膚，煥發光彩！,2025-07-15,2025-07-24,全品類,曝光型,EMP0001,2025-05-27,
A00426,夏日特惠，全場5折起！,2025-07-17,2025-07-28,服飾,曝光型,EMP0001,2025-05-29,
A00427,夏日特惠，全場5折起！,2025-07-04,2025-07-29,食品,品牌型,EMP0001,2025-06-08,
A00428,智能生活，從此開始！,2025-07-23,2025-07-24,服飾,轉換型,EMP0000,2025-06-19,
A00429,滿額免運，速來選購！,2025-07-25,2025-07-29,食品,轉換型,EMP0000,2025-06-10,
A00430,滿額免運，速來選購！,2025-07-23,2025-07-31,家居,曝光型,EMP0004,2025-07-26,
A00431,健康美食，新鮮直達！,2025-07-26,2025-07-27,服飾,品牌型,EMP0001,2025-04-14,
A00432,會員專享，積分雙倍送！,2025-07-13,2025-07-14,服飾,轉換型,EMP0000,2025-05-05,
A00433,美妝護膚，煥發光彩！,2025-07-19,2025-07-28,家居,轉換型,EMP0001,2025-05-23,
A00434,智能生活，從此開始！,2025-07-29,2025-07-30,3C,品牌型,EMP0000,2025-04-10,
A00435,閱讀好時光，書香伴你行！,2025-07-19,2025-07-28,3C,品牌型,EMP0003,2025-07-01,
A00436,閱讀好時光，書香伴你行！,2025-07-02,2025-07-12,全品類,品牌型,EMP0000,2025-04-19,
A00437,智能生活，從此開始！,2025-07-28,2025-07-31,全品類,品牌型,EMP0004,2025-04-09,
A00438,家居好物，溫馨滿屋！,2025-07-27,2025-07-30,美妝,轉換型,EMP0002,2025-06-22,
A00439,滿額免運，速來選購！,2025-07-13,2025-07-25,3C,品牌型,EMP0004,2025-06-21,
A00440,會員專享，積分雙倍送！,2025-07-23,2025-07-31,服飾,品牌型,EMP0002,2025-05-16,
A00441,美妝護膚，煥發光彩！,2025-07-11,2025-07-23,美妝,轉換型,EMP0001,2025-06-05,
A00442,美妝護膚，煥發光彩！,2025-07-08,2025-07-18,家居,曝光型,EMP0003,2025-06-05,
A00443,閱讀好時光，書香伴你行！,2025-07-23,2025-07-31,食品,轉換型,EMP0001,2025-05-24,
A00444,會員專享，積分雙倍送！,2025-07-28,2025-07-31,食品,曝光型,EMP0003,2025-06-03,2025-07-20
A00445,智能生活，從此開始！,2025-07-01,2025-07-21,圖書,品牌型,EMP0003,2025-07-03,
A00446,新品上市，限量搶購中！,2025-07-27,2025-07-28,服飾,曝光型,EMP0002,2025-05-14,2025-07-06
A00447,時尚穿搭，輕鬆打造！,2025-07-13,2025-07-28,全品類,品牌型,EMP0000,2025-05-27,
A00448,滿額免運，速來選購！,2025-07-07,2025-07-16,家居,品牌型,EMP0002,2025-05-12,
A00449,健康美食，新鮮直達！,2025-07-20,2025-07-28,3C,曝光型,EMP0003,2025-06-28,
A00450,夏日特惠，全場5折起！,2025-07-04,2025-07-31,全品類,品牌型,EMP0003,2025-06-17,
A00451,夏日特惠，全場5折起！,2025-07-12,2025-07-25,圖書,曝光型,EMP0003,2025-05-30,
A00452,夏日特惠，全場5折起！,2025-07-29,2025-07-31,3C,轉換型,EMP0003,2025-05-04,
A00453,健康美食，新鮮直達！,2025-07-11,2025-07-28,服飾,轉換型,EMP0004,2025-05-12,
A00454,家居好物，溫馨滿屋！,2025-07-05,2025-07-30,圖書,轉換型,EMP0004,2025-06-16,
A00455,健康美食，新鮮直達！,2025-07-24,2025-07-28,服飾,品牌型,EMP0003,2025-04-30,
A00456,閱讀好時光，書香伴你行！,2025-07-25,2025-07-28,3C,品牌型,EMP0003,2025-06-29,
A00457,閱讀好時光，書香伴你行！,2025-07-05,2025-07-29,圖書,曝光型,EMP0002,2025-04-29,
A00458,夏日特惠，全場5折起！,2025-07-17,2025-07-27,食品,轉換型,EMP0004,2025-06-11,
A00459,健康美食，新鮮直達！,2025-07-23,2025-07-26,服飾,轉換型,EMP0001,2025-07-06,
A00460,家居好物，溫馨滿屋！,2025-07-17,2025-07-26,美妝,轉換型,EMP0003,2025-06-01,
A00461,夏日特惠，全場5折起！,2025-07-25,2025-07-28,美妝,曝光型,EMP0000,2025-04-25,
A00462,智能生活，從此開始！,2025-07-11,2025-07-25,食品,曝光型,EMP0003,2025-05-21,2025-07-31
A00463,美妝護膚，煥發光彩！,2025-07-18,2025-07-26,圖書,轉換型,EMP0001,2025-04-30,
A00464,時尚穿搭，輕鬆打造！,2025-07-14,2025-07-18,3C,品牌型,EMP0000,2025-05-01,
A00465,智能生活，從此開始！,2025-07-14,2025-07-29,3C,轉換型,EMP0003,2025-05-30,
A00466,夏日特惠，全場5折起！,2025-07-08,2025-07-25,食品,轉換型,EMP0000,2025-06-05,
A00467,會員專享，積分雙倍送！,2025-07-01,2025-07-12,食品,曝光型,EMP0001,2025-05-16,
A00468,新品上市，限量搶購中！,2025-07-04,2025-07-06,食品,轉換型,EMP0003,2025-07-11,
A00469,滿額免運，速來選購！,2025-07-12,2025-07-13,美妝,曝光型,EMP0002,2025-05-30,
A00470,家居好物，溫馨滿屋！,2025-07-27,2025-07-28,圖書,品牌型,EMP0004,2025-05-02,
A00471,夏日特惠，全場5折起！,2025-07-26,2025-07-28,全品類,轉換型,EMP0003,2025-05-26,
A00472,健康美食，新鮮直達！,2025-07-24,2025-07-29,圖書,品牌型,EMP0002,2025-06-02,
A00473,會員專享，積分雙倍送！,2025-07-06,2025-07-27,圖書,品牌型,EMP0004,2025-06-22,
A00474,健康美食，新鮮直達！,2025-07-03,2025-07-30,3C,曝光型,EMP0001,2025-06-09,
A00475,新品上市，限量搶購中！,2025-07-27,2025-07-29,美妝,品牌型,EMP0002,2025-04-29,
A00476,美妝護膚，煥發光彩！,2025-07-17,2025-07-26,服飾,轉換型,EMP0001,2025-05-26,
A00477,美妝護膚，煥發光彩！,2025-07-25,2025-07-30,全品類,轉換型,EMP0003,2025-05-30,
A00478,新品上市，限量搶購中！,2025-07-13,2025-07-14,服飾,品牌型,EMP0004,2025-07-14,
A00479,會員專享，積分雙倍送！,2025-07-23,2025-07-29,圖書,曝光型,EMP0003,2025-06-01,
A00480,會員專享，積分雙倍送！,2025-07-23,2025-07-30,3C,品牌型,EMP0001,2025-04-12,
A00481,會員專享，積分雙倍送！,2025-07-23,2025-07-28,食品,品牌型,EMP0003,2025-05-31,
A00482,夏日特惠，全場5折起！,2025-07-16,2025-07-17,家居,曝光型,EMP0001,2025-05-23,2025-07-21
A00483,智能生活，從此開始！,2025-07-02,2025-07-31,美妝,曝光型,EMP0000,2025-05-23,2025-06-15
A00484,新品上市，限量搶購中！,2025-07-10,2025-07-28,服飾,轉換型,EMP0001,2025-04-21,
A00485,新品上市，限量搶購中！,2025-07-12,2025-07-26,美妝,轉換型,EMP0004,2025-05-08,
A00486,滿額免運，速來選購！,2025-07-08,2025-07-09,食品,品牌型,EMP0003,2025-05-01,
A00487,會員專享，積分雙倍送！,2025-07-06,2025-07-30,服飾,轉換型,EMP0000,2025-05-24,
A00488,閱讀好時光，書香伴你行！,2025-07-01,2025-07-04,服飾,品牌型,EMP0000,2025-06-17,
A00489,新品上市，限量搶購中！,2025-07-30,2025-07-31,全品類,品牌型,EMP0002,2025-07-10,
A00490,家居好物，溫馨滿屋！,2025-07-21,2025-07-31,全品類,轉換型,EMP0002,2025-07-12,
A00491,閱讀好時光，書香伴你行！,2025-07-25,2025-07-31,美妝,曝光型,EMP0003,2025-05-15,
A00492,閱讀好時光，書香伴你行！,2025-07-13,2025-07-21,家居,曝光型,EMP0002,2025-06-28,
A00493,時尚穿搭，輕鬆打造！,2025-07-26,2025-07-27,食品,轉換型,EMP0001,2025-06-09,
A00494,時尚穿搭，輕鬆打造！,2025-07-01,2025-07-06,3C,曝光型,EMP0003,2025-05-12,
A00495,家居好物，溫馨滿屋！,2025-07-01,2025-07-19,服飾,曝光型,EMP0004,2025-06-21,
A00496,會員專享，積分雙倍送！,2025-07-14,2025-07-19,家居,轉換型,EMP0003,2025-06-05,
A00497,家居好物，溫馨滿屋！,2025-07-22,2025-07-25,食品,曝光型,EMP0002,2025-04-26,
A00498,美妝護膚，煥發光彩！,2025-07-17,2025-07-19,服飾,轉換型,EMP0001,2025-05-14,
A00499,閱讀好時光，書香伴你行！,2025-07-02,2025-07-21,3C,曝光型,EMP0003,2025-06-19,
